word,word_count
ukraine,12674
president,10079
russia,4131
war,3398
billion,3154
ukrainian,3079
russian,2902
grain,2534
volodymyr,2533
pm,2498
magdalena,2452
andersson,2421
must,2319
world,2273
money,2233
could,2219
also,2119
comedian,2105
another,2072
former,2046
said,2037
un,1910
law,1891
johnson,1873
people,1872
swedish,1837
degree,1832
turkey,1830
mention,1819
refer,1815
kyiv,1762
blocked,1739
july,1720
would,1695
visit,1629
w,1611
luhansk,1572
today,1568
putin,1530
call,1477
u,1458
recovery,1450
50,1408
victory,1405
trump,1379
leader,1336
sweden,1324
via,1317
export,1316
country,1315
heard,1281
live,1217
amp,1212
already,1207
talk,1169
hire,1167
gun,1152
video,1149
modern,1146
letter,1143
million,1134
battlefield,1130
concert,1130
rose,1117
satellite,1117
king,1099
dollar,1094
troop,1085
copy,1079
charles,1048
xii,1046
gifted,1037
dated,1037
1711,1036
year,1021
clear,1014
spending,1009
objective,1000
united,993
say,985
taxpayer,979
forgotten,970
force,969
fight,952
think,949
tonight,948
jo,920
one,917
medium,915
seaport,911
boris,887
withdrawal,864
know,858
destroyed,850
get,849
22,837
life,821
visited,817
city,817
town,800
bucha,796
read,794
ukra,777
borodianka,772
oblast,772
preserve,770
heavily,768
win,764
weaponry,762
control,760
insisted,755
basement,753
tactical,751
showed,750
gambit,747
courageously,747
hid,747
protester,747
increasing,725
return,716
lysychansk,715
negotiation,713
met,709
many,707
reconstruction,699
lost,697
sending,686
back,679
patch,678
shirt,675
remove,656
first,648
morning,642
task,642
young,631
like,627
day,626
endless,623
time,621
thanks,621
burden,607
peace,606
following,605
b,592
4,573
kangaroo,572
opportunity,571
nato,554
weapon,554
coupled,552
fact,538
ton,526
common,525
create,525
underway,518
minister,514
need,513
address,494
territory,487
full,482
asked,480
4th,480
operation,478
prime,474
wrote,474
phone,472
albanese,472
support,471
new,468
expect,467
donetsk,467
hear,466
sport,465
enjoy,463
laundering,461
thank,459
capitulation,457
subtitle,453
go,453
telegr,452
military,450
financing,450
story,447
shortly,446
give,446
responsibility,446
want,445
20,445
democratic,439
update,433
eastern,422
monday,420
last,419
vow,417
port,416
happy,412
crisis,412
social,410
claim,408
donbas,408
every,405
take,403
tax,399
state,398
spam,394
retake,390
news,389
tactic,386
kadyrov,384
including,383
biden,383
biggest,382
going,377
region,374
economy,373
switzerland,369
getting,364
putting,364
found,360
dependent,360
hold,357
promise,354
project,349
best,347
pledge,347
party,341
release,334
currently,333
wish,329
make,325
pincher,325
supply,325
told,323
empty,323
exp,323
holiday,322
c,321
stop,319
government,318
rebuild,318
liar,314
plan,312
fooling,307
pathological,304
tonne,303
joint,303
yet,301
much,301
tear,300
tac,300
lie,299
right,299
eu,297
police,296
enough,294
word,291
europe,291
fall,291
lysychans,290
flag,289
f,288
moved,288
negotiating,286
playing,285
even,283
well,283
creation,283
west,282
nazi,280
emma,280
english,280
hearing,280
international,279
negotiates,279
dpr,275
made,275
humble,274
upbringing,274
camperdown,274
nation,271
star,269
lpr,266
love,265
expensive,264
night,264
officer,264
real,263
congratulated,262
band,261
keep,260
particular,260
appeal,260
1,259
tie,259
spangled,255
2,254
western,254
australian,253
tricky,251
got,251
captured,251
post,250
severs,250
subbed,250
lugano,249
whole,247
battered,247
banner,244
surprising,240
conference,240
declared,237
750,236
end,236
meeting,236
start,236
surrender,234
target,233
professional,232
liberation,231
head,231
see,229
break,228
no10,227
banned,227
opposition,226
th,225
done,224
watch,224
man,223
left,222
foreign,222
invite,222
5,221
look,221
virtue,221
never,220
democracy,218
vladimir,217
increase,217
shift,217
protect,210
andrew,210
r,209
long,209
message,207
price,206
conf,205
place,204
decided,204
coke,203
blog,202
given,200
sign,199
supporting,199
land,198
help,197
statement,197
really,196
000,196
ioc,195
someone,192
send,192
thought,191
table,191
account,191
increased,191
cha,191
regarding,190
making,188
photo,188
loss,188
turn,187
odds,187
took,186
3,186
probyn,186
good,185
army,185
mr,184
possible,184
connection,183
soldier,180
investment,179
praise,179
student,179
hope,178
local,178
university,178
celebrity,177
order,175
destroy,175
ago,175
buying,175
guy,175
birthday,174
uk,173
prize,173
dear,172
citizen,172
standard,171
abc,171
freedom,170
chris,169
anything,168
circle,168
detail,167
gift,167
inner,166
become,165
next,165
hero,165
america,165
ban,164
estate,164
anythin,164
12,163
tv,163
rocket,163
independence,163
wonder,163
corrupt,163
wake,162
fake,162
referring,162
stand,162
official,161
challenged,160
sunday,160
politicizing,159
maybe,158
australia,157
come,156
men,156
armed,156
second,155
moscow,155
big,155
unable,155
political,154
drop,154
proud,154
issue,153
way,152
fighting,151
politician,151
athlete,151
wide,151
strong,150
press,149
chance,149
replied,148
feel,148
bach,148
discussing,148
opinion,148
civilian,147
japanese,147
effort,146
resign,145
along,145
deal,145
without,145
wall,145
truth,145
absolute,144
asset,143
35,143
denial,143
completely,143
behind,143
poor,142
forever,142
daily,141
thompson,140
signal,140
albo,140
rus,140
pitch,139
meet,139
alternative,139
thomas,138
lugansk,137
let,137
week,137
pres,137
kingdom,137
fucki,136
appointed,136
jokowi,136
israel,135
http,135
kirby,135
zele,134
cost,134
sanction,134
american,134
usa,134
regime,133
set,133
seen,133
sense,132
point,131
killed,131
odessa,130
aid,130
show,130
latest,129
system,129
article,129
tell,128
since,128
kremlin,127
losing,127
still,127
agreement,127
ramzan,126
parody,126
thing,125
chechnya,125
fun,125
announced,124
6,124
term,124
cash,123
better,123
least,123
bad,122
care,122
multiple,122
continue,121
conservative,121
giving,121
presidential,121
ukraini,120
standing,120
complete,119
soviet,119
great,118
undeterred,118
street,118
ask,118
joe,118
raise,118
sent,117
kherson,116
launch,116
le,115
minsk,115
member,115
puppet,114
using,114
rather,114
unity,114
killing,113
push,112
became,112
calling,111
line,111
ever,110
e,110
senate,110
ukr,110
actor,110
child,109
ruin,109
soon,108
little,108
part,108
block,108
island,108
surrendering,108
presiden,108
ring,107
put,107
saying,107
scandal,106
hahaha,106
2019,106
act,106
talking,106
safest,106
capture,105
idiot,105
24,105
retreat,105
tweet,104
restraining,104
analysis,104
might,104
campaign,104
hustler,104
shouting,104
idgaf,104
op,103
determine,103
understands,103
freest,102
fox,102
ray,101
launched,101
stream,101
ha,101
slava,101
running,100
macron,100
battle,100
away,100
au,100
nord,100
seems,100
recognition,100
choice,100
secretary,99
fate,99
condition,98
elder,98
eddy,98
warns,98
mul,98
list,97
taken,97
embarrassment,96
usd,96
feb,96
rate,96
friend,95
photograph,95
violon,95
ingres,95
depot,94
tur,93
easy,93
leadership,93
implemented,92
sure,92
host,92
arm,92
8,91
expensi,91
89,91
agree,91
parade,91
fragment,91
cossack,91
believing,91
suck,90
signed,90
yes,90
soo,90
report,90
family,90
gov,89
shooting,89
clown,88
something,88
therapy,88
g7,87
trying,87
history,87
de,87
reason,87
ministry,87
thread,86
pay,86
attacked,86
current,85
azov,85
parliament,85
team,85
interview,85
palace,85
dumb,84
bandera,84
woman,84
threat,84
sovereig,84
lying,83
strategic,83
pain,83
trip,83
preside,83
ambassador,83
shore,83
underestimated,83
according,82
follow,82
director,82
courage,82
position,81
european,81
poroshenko,81
kolomoisky,81
seized,81
addiction,81
guidance,81
ruining,81
terrorist,81
godspeed,81
actually,80
breaking,80
7,80
estimated,79
security,79
maria,79
two,78
entire,78
department,78
mean,77
kiev,77
pushback,77
republi,77
olympic,77
shit,76
work,76
100,76
unconditional,76
100m,76
published,76
rebuilding,76
coach,76
firepower,76
massacre,76
everyone,75
kissinger,75
massive,75
channel,75
com,75
comm,75
zakhraova,75
gone,74
may,74
please,74
forget,74
wil,74
everything,74
comment,74
75,73
feed,73
believe,73
ok,73
invasion,73
committee,73
spokesman,73
trouble,72
gas,72
true,72
confirmed,72
determined,72
confronting,72
grab,72
owns,71
property,71
office,71
course,71
missile,71
ousting,71
anyone,71
signing,71
g,71
mocking,71
negotiate,71
blow,71
piped,70
attempt,70
home,70
commission,70
attack,70
room,70
pro,70
short,70
highland,70
matter,69
probably,69
created,69
deputy,69
nothing,69
pathetic,69
obviously,69
remember,69
month,69
gain,69
131dayofwar,69
ranging,69
criminal,68
despite,68
al,68
spoke,68
include,67
human,67
problem,67
policy,67
lass,67
god,67
ronaldo,67
yacht,66
text,66
taking,66
situation,66
online,66
pr,66
park,66
car,65
conflict,65
considering,65
oh,65
gave,65
pressure,65
kid,65
elected,65
se,65
decision,65
10,64
swear,64
british,64
coming,64
neo,64
laughing,64
glastonbury,64
sh,64
anthony,64
aft,64
capturing,64
try,63
date,63
discus,63
cant,63
lol,63
wo,63
criticise,62
hand,62
needed,62
propaganda,62
wtf,62
reserve,61
jewish,61
thanked,61
high,61
v,61
smartnews,61
movie,61
heading,61
denying,61
whitehouse,61
concept,61
posed,61
save,60
emergency,60
absolutely,60
find,60
criticism,60
akhmat,60
ahmat,60
permanently,60
hiding,60
dancing,60
mass,60
employee,60
open,59
speed,59
dial,59
china,59
resistance,59
h,59
doubt,59
bu,59
addressed,59
ar,59
rangin,59
rw,58
called,58
build,58
bed,58
visiting,58
greatest,58
started,57
winking,57
patronising,57
susanna,57
reid,57
far,57
z,57
due,57
winning,57
queen,57
join,57
heavy,57
power,57
speech,57
shelling,57
evening,57
stamp,57
film,56
velcro,56
zelensk,56
p,56
happened,56
statue,56
ukrainerussiawar,56
fucker,55
2022,55
kill,55
ally,55
east,55
important,55
ground,55
understand,55
destroying,55
snake,55
height,55
desantis,55
announce,54
cal,54
thinking,54
version,54
occupied,54
caught,54
amid,54
food,54
sofa,54
beyond,54
question,54
wanted,54
present,54
defend,54
africa,54
ya,54
fb,54
arrested,53
longest,53
pipeline,53
swap,53
wit,53
monkey,53
parent,53
democrat,53
hopefully,53
side,53
acknowledges,53
stadium,53
excusing,53
front,52
18,52
defined,52
ammo,51
signallin,51
longer,51
old,51
zelens,51
fuck,51
three,51
smoke,51
veteran,51
wef,51
lauding,51
ukrainewar,51
palestine,51
aqsha,51
pribumi,51
brunei,51
timnasday,51
kimseonho,51
worldwide,51
je,51
interrupt,50
bit,50
goodall,50
wrong,50
minute,50
responded,50
ran,50
continues,50
stay,50
volunteer,50
demand,50
offensive,50
wanting,50
hour,49
dead,49
sorry,49
tory,49
n,49
level,49
tiktok,49
funny,49
spare,49
sort,49
case,49
award,49
perrottet,49
share,49
scholz,49
loosing,49
speaking,48
wait,48
knew,48
almost,48
us,48
suggested,48
voted,48
solo,48
leveling,48
vindessport,48
semangatteamb,48
candidate,48
commenting,48
blindly,48
ru,47
black,47
chief,47
imminently,47
worth,47
2021,47
wife,47
helping,47
bank,47
energy,47
frontl,47
booze,47
carrie,46
defence,46
run,46
70,46
mp,46
neighbour,46
john,46
spark,46
fireball,46
game,46
regain,46
hence,46
yest,46
downing,45
looking,45
till,45
demanding,45
statesman,45
eithe,45
auspol,45
rich,45
fuel,45
defeat,45
value,45
committed,45
terrifying,44
explosion,44
wiped,44
group,44
finish,44
sick,44
literally,44
waiting,44
self,44
restoration,44
interest,44
global,44
yeah,44
aware,44
toyo,44
exactly,43
free,43
growing,43
name,43
importance,43
use,43
allow,43
face,43
chose,43
ongoing,43
la,43
republican,43
asks,42
ex,42
lead,42
idea,42
k,42
picture,42
donation,42
9,42
estimate,42
constantly,42
information,42
white,41
2014,41
person,41
separatist,41
bill,41
add,41
co,41
majority,41
saw,41
beginning,41
asking,41
strike,41
house,41
tokyo,41
journalist,41
admitted,41
torn,41
responsible,41
accused,41
pope,41
representative,41
johnsonout162,40
st,40
wow,40
advisory,40
clearly,40
around,40
always,40
germany,40
tulsi,40
play,40
interested,40
rt,40
cia,40
oligarch,40
cede,40
territor,40
death,40
perhaps,40
shopping,40
future,40
nancy,40
amoh,40
conquer,40
baby,39
reference,39
hit,39
service,39
son,39
intelligence,39
na,39
tried,39
democratically,39
key,39
check,39
showing,39
rule,39
lot,39
advisor,39
chicago,39
voice,39
nigeria,39
huge,38
belief,38
jerusalem,38
christmas,38
nuke,38
character,38
vote,38
amidst,38
writing,38
committing,38
communist,38
addressing,38
scene,38
brave,38
bless,38
untuk,38
allegation,38
delegation,38
single,37
jew,37
zelen,37
draghi,37
speak,37
hell,37
fallen,37
30,37
festival,37
slap,37
company,37
refugee,37
election,37
strongly,37
treason,37
fix,37
2017,37
goal,36
tuesday,36
hi,36
zel,36
guess,36
door,36
unpack,36
came,36
else,36
surprised,36
number,36
cameo,36
june,36
national,36
worse,36
selling,36
migrant,36
drug,36
mall,36
85,36
surname,36
teaser,36
plesse,36
tl,36
informationminister,36
manchester,36
11,35
ukranian,35
used,35
march,35
vehicle,35
invader,35
changed,35
late,35
business,35
fatigue,35
assault,35
brutal,35
shooter,35
lay,35
wished,34
stage,34
sea,34
confused,34
difficult,34
hard,34
nice,34
february,34
shield,34
construction,34
main,34
though,34
magic,34
virgin,34
necker,34
richardbranson,34
chat,34
marvel,34
destru,34
gabbard,34
played,34
secure,34
small,34
wearing,34
instead,34
neonazi,34
building,34
sold,34
whereas,34
advantageous,34
defense,34
rest,34
enemy,34
turned,34
platform,34
retreated,34
liberatio,33
respect,33
welcome,33
ready,33
responds,33
corruption,33
krudd,33
gon,33
paid,33
france,33
link,33
provide,33
targeting,33
coal,33
kind,33
francis,33
status,33
nazio,33
sir,32
change,32
ukrain,32
totally,32
either,32
continued,32
action,32
saya,32
telah,32
menyampaikan,32
pesan,32
zelenksy,32
response,32
lecture,32
themse,32
describe,32
boehly,32
ivo,32
council,32
ba,32
tel,31
j,31
decree,31
listen,31
busy,31
crimea,31
urgent,31
xi,31
nobody,31
cover,31
deny,31
seize,31
ye,31
shattered,31
tired,31
flee,31
angry,31
concentratio,31
persecution,31
thousand,31
convinced,31
overall,31
aust,31
postwar,31
competing,31
ff,31
rangnick,31
dstv,31
shola,31
nairaland,31
vowed,30
tension,30
issued,30
coup,30
richard,30
l,30
disgraceful,30
mind,30
special,30
750b,30
basis,30
surely,30
celebrate,30
inflationary,30
contour,30
mariupol,30
urged,30
proxy,30
leave,30
mansion,30
stopping,30
commented,30
fourth,30
erm,30
claimed,30
confirming,30
lo,29
rolling,29
shot,29
15,29
website,29
extremely,29
pretty,29
led,29
early,29
supporter,29
german,29
stiller,29
standwithuk,29
red,29
dude,29
african,29
oil,29
arriving,29
alone,29
six,29
border,29
hike,29
center,29
declares,29
japan,29
alleged,29
htt,28
nuclear,28
amazing,28
french,28
distraction,28
agenda,28
popping,28
joke,28
worry,28
reminder,28
held,28
ironic,28
school,28
ridiculous,28
meanwhile,28
55,28
en,28
expert,28
whatsapp,28
dnipro,28
considers,28
realize,28
appearance,28
volodymor,28
safely,28
track,28
congratulation,28
telephone,27
afghanistan,27
servant,27
fraudulent,27
aviv,27
quick,27
greeting,27
die,27
job,27
appears,27
telling,27
surprise,27
promised,27
fool,27
notmypm,27
mistake,27
hunter,27
largest,27
smart,27
venezuela,27
prevent,27
pride,27
cut,27
happen,27
supported,27
source,27
wi,27
presidente,27
continuous,27
anti,27
fascist,27
mi,27
scale,27
successful,27
madness,27
merkel,27
sad,27
fo,27
naive,27
organize,27
olaf,27
command,27
frontline,27
shaking,26
blood,26
700,26
half,26
documentary,26
working,26
netflix,26
request,26
predictable,26
istandwithukraine,26
pre,26
recent,26
fund,26
thi,26
funded,26
restore,26
defending,26
fire,26
reality,26
comedy,26
invitation,26
shame,26
weird,26
remains,26
actual,26
canada,26
nationalist,26
general,26
interviewed,26
safe,26
role,26
nearly,26
dignity,26
communication,26
learn,25
refers,25
matched,25
dumbo,25
dill,25
sat,25
refuse,25
refused,25
sneaking,25
750bn,25
dmitry,25
strategy,25
bought,25
trust,25
crap,25
lining,25
turning,25
required,25
london,25
forming,25
taste,25
economist,25
shock,25
fled,25
aggression,25
submit,25
kharkiv,25
illinois,25
pleased,25
effect,25
steal,25
generalelectionnow,24
pregnant,24
recently,24
box,24
together,24
hide,24
result,24
living,24
hello,24
proclaimed,24
halfwit,24
reiterates,24
colossal,24
bet,24
relationship,24
answer,24
120,24
instagram,24
period,24
girl,24
record,24
planet,24
lea,24
closer,24
cube,24
guarantee,24
sector,24
congress,24
opened,24
senator,24
stressing,24
college,24
rumour,24
stopped,24
withheld,24
seemingly,24
hostage,24
respecting,24
define,24
brexit,24
louise,24
callaghan,24
opposing,24
mercy,24
toyota,24
keroche,24
blame,23
falling,23
opposite,23
court,23
paradox,23
accuses,23
fan,23
quite,23
happening,23
instantly,23
fought,23
invaded,23
peskov,23
jinping,23
valid,23
delivered,23
skin,23
prez,23
ben,23
congratulate,23
india,23
imagine,23
consolidates,23
journal,23
missing,23
membership,23
seriously,23
died,23
final,23
heartbreaking,23
quo,23
dan,23
unyielding,23
damn,23
wednesday,23
clamp,23
permanent,23
megalomaniac,23
shortage,23
deception,22
style,22
step,22
equipment,22
prevail,22
genocide,22
branson,22
billionaire,22
flying,22
player,22
range,22
includes,22
explained,22
offer,22
eye,22
commitment,22
within,22
alliance,22
finally,22
hawaii,22
seeing,22
george,22
immediately,22
arestovich,22
allowed,22
abound,22
donor,22
awarded,22
cnbc,22
total,22
perfect,21
billio,21
revelation,21
heart,21
suffering,21
apparently,21
washington,21
belarus,21
lose,21
spoken,21
reported,21
battalion,21
sound,21
finland,21
ze,21
brought,21
20mil,21
cause,21
none,21
rkiye,21
shake,21
shat,21
federation,21
wing,21
soros,21
saved,21
headline,21
cocaine,21
evil,21
vaccine,21
minded,21
market,21
starting,21
wh,21
trudeau,21
taunt,21
vulnerable,21
reminds,21
arrival,21
ahead,21
ball,21
several,21
sister,21
agent,21
gop,21
shmyhal,21
barking,21
nightly,21
dade,21
suggest,21
admirat,21
hatred,21
reclaim,21
behold,20
glorifying,20
propping,20
midst,20
super,20
roughly,20
nan,20
mad,20
close,20
remembered,20
standwithukraine,20
lied,20
ffs,20
amount,20
pleads,20
strives,20
bigger,20
facing,20
later,20
regained,20
image,20
artillery,20
invited,20
etc,20
contact,20
bombed,20
disappearing,20
correspondent,20
klaus,20
hollywood,20
promote,20
stronghold,20
adviser,20
800,20
obvious,20
confirms,20
tha,20
boy,20
26th,20
annual,20
roundtable,20
cancel,20
jiji,20
ander,20
truly,20
nationa,20
mufc,20
jong,20
neymar,20
fabrizio,20
sterling,20
chelsea,20
antony,20
absence,20
attendance,20
summary,20
fridge,19
politics,19
wa,19
reveals,19
recording,19
violating,19
confidentiality,19
italian,19
couple,19
favourite,19
zone,19
globalist,19
fed,19
paying,19
leading,19
prediction,19
whatever,19
chechen,19
per,19
dream,19
forced,19
song,19
realise,19
brother,19
hate,19
arrest,19
able,19
announces,19
tr,19
explanation,19
stoprussia,19
israeli,19
poland,19
peop,19
large,19
fee,19
purpose,19
everyday,19
distinguish,19
mirror,19
bn,19
happens,19
violence,19
deadly,19
3danimation,19
cs,19
css3,19
html,19
html5,19
100daysofcode,19
fullclip,19
anim,19
ta,19
ua,19
cannon,19
fodder,19
massively,19
famous,19
ride,19
innocent,19
mediawatch,19
quid,19
reporter,19
area,19
allowing,19
previous,19
lazy,19
engel,19
aspen,19
keepkyivfree,19
reckless,19
certain,19
advant,19
stupid,18
nonsense,18
economic,18
denied,18
stuff,18
strange,18
buy,18
neither,18
yep,18
trillion,18
expected,18
mo,18
moment,18
different,18
speaks,18
drone,18
however,18
correct,18
btw,18
extreme,18
straight,18
path,18
plus,18
narrative,18
60,18
ab,18
book,18
hail,18
nuland,18
yr,18
org,18
dictator,18
moving,18
express,18
solution,18
reporting,18
covid,18
frank,18
disagree,18
jul,18
podcast,18
feeling,18
gt,18
theater,18
siren,18
coordina,18
81,18
ruto,18
200,18
featuring,18
coordinator,18
develop,18
spy,17
stan,17
liberated,17
spent,17
nh,17
failed,17
dog,17
subtle,17
footage,17
personal,17
begging,17
especially,17
laugh,17
proof,17
jail,17
jane,17
glad,17
pawn,17
native,17
becoming,17
everybody,17
top,17
extract,17
screen,17
monthly,17
net,17
commander,17
stated,17
crook,17
doctor,17
advanced,17
swiss,17
sham,17
holding,17
focus,17
crime,17
installed,17
series,17
dozen,17
chair,17
tour,17
incompetent,17
occupier,17
session,17
green,17
fro,17
starred,17
florida,17
move,17
ge,16
advice,16
fully,16
aggressor,16
useful,16
useless,16
keeping,16
cartoon,16
sends,16
certainly,16
ego,16
air,16
fu,16
covering,16
mount,16
rowling,16
forward,16
govt,16
brit,16
launder,16
astrological,16
scientific,16
astro,16
penn,16
blue,16
abbott,16
texas,16
type,16
central,16
light,16
conversation,16
pray,16
overseas,16
deep,16
customized,16
wristband,16
ksh300,16
delivery,16
0710927262,16
near,16
requesting,16
extra,16
review,16
hint,16
childlish,16
gadho,16
ek,16
kam,16
bhi,16
dhang,16
nahi,16
hua,16
occupy,16
ukrainerussia,16
telegraph,16
warmonger,16
macdonald,16
dark,16
rejecting,16
defended,16
view,16
toge,16
legal,16
deliberately,16
latter,16
cred,16
luck,16
hineni,16
retweet,16
immediatel,16
indonesia,16
lake,16
shade,16
seat,16
indomitable,16
predecessor,16
armored,16
insis,16
faith,16
wethepeople,16
java,16
customize,16
customer,16
conversion,16
1963,16
overheard,15
spaffer,15
preggers,15
whenever,15
euro,15
although,15
rise,15
ca,15
necessary,15
negotiated,15
card,15
struggle,15
popular,15
hot,15
whether,15
definitely,15
personally,15
tatar,15
attend,15
serious,15
ensure,15
ou,15
silent,15
sell,15
terrible,15
mess,15
wwii,15
allied,15
hill,15
independent,15
announcing,15
shut,15
went,15
guest,15
seem,15
warinukraine,15
inflation,15
murder,15
militia,15
bernie,15
frozen,15
repetition,15
hush,15
contribution,15
bomb,15
sometimes,15
dirt,15
others,15
pu,15
figure,15
funding,15
revealed,15
urc2022,15
collapse,15
active,15
glory,15
color,15
cocaina,15
defensive,15
domino,15
praying,15
likely,15
describing,15
malaysia,15
iri,15
priority,15
betting,15
rascal,15
chancellor,15
neocon,15
soiling,15
graveyard,15
sus,15
129,15
adult,15
latestnews,15
131st,15
29,15
expecting,14
fucking,14
distract,14
subject,14
whilst,14
protecting,14
received,14
dont,14
continually,14
twitter,14
direct,14
watched,14
joining,14
cry,14
armoured,14
sincerely,14
excellent,14
pow,14
indeed,14
po,14
flight,14
shamble,14
translation,14
newspaper,14
afraid,14
jan,14
interesting,14
britain,14
lysyschansk,14
across,14
rourke,14
urgency,14
relative,14
handshake,14
caesar,14
774400,14
anymore,14
assured,14
opening,14
ending,14
presi,14
package,14
major,14
kitchen,14
meant,14
dickhead,14
except,14
con,14
warning,14
began,14
body,14
fell,14
flew,14
upon,14
achieved,14
sit,14
propagandist,14
blowing,14
500,14
2020,14
dissenting,14
boot,14
inspiration,14
ghost,14
diplomatic,14
fella,14
volodymyrzelenskyy,14
kidding,14
flood,14
piece,14
44,14
polish,14
suit,14
normal,14
withdrawn,14
grinding,14
oct,13
honestly,13
public,13
strengthening,13
destruction,13
charging,13
planning,13
loving,13
nra,13
sovereign,13
fail,13
domestic,13
trending,13
named,13
sitting,13
briefing,13
pulled,13
towards,13
failing,13
ammunition,13
banker,13
remind,13
hey,13
option,13
pound,13
legitimate,13
inside,13
pop,13
26,13
mainstream,13
winter,13
count,13
ah,13
woke,13
tank,13
apartheidisrael,13
25,13
setting,13
victoria,13
tune,13
insane,13
schwab,13
map,13
begin,13
afford,13
obama,13
choose,13
bear,13
donated,13
ardern,13
base,13
illegal,13
durin,13
appreciate,13
secret,13
master,13
romney,13
alexander,13
language,13
filled,13
dangerous,13
philosopher,13
canadian,13
asahi,13
shimbun,13
staff,13
pursue,13
effective,13
investigation,13
pledged,13
encouraging,13
genocidal,13
relevant,13
thug,13
difference,13
horrifying,13
ht,13
lisichansk,12
gang,12
wheel,12
caller,12
administration,12
tho,12
clockwork,12
spend,12
bring,12
greedy,12
clip,12
pe,12
weekly,12
selfie,12
pls,12
bother,12
bj,12
borisjohnson,12
arse,12
sadly,12
truck,12
tolerate,12
combat,12
cute,12
writes,12
watching,12
worked,12
su,12
austral,12
beg,12
usual,12
lobby,12
everytime,12
lisa,12
finding,12
round,12
answering,12
walking,12
bottom,12
abroad,12
signifi,12
sight,12
acknowledge,12
owner,12
iii,12
quickly,12
humanity,12
airbusalbo,12
widodo,12
ur,12
scare,12
appeaser,12
inch,12
republic,12
scomo,12
inv,12
kindly,12
tech,12
inject,12
tragedy,12
svizzera,12
italiana,12
caf,12
urc,12
bypassing,12
knee,12
reminded,12
mogg,12
moldova,12
train,12
milli,12
bulletin,12
referred,12
space,12
insufficient,12
65,12
bos,12
panama,12
piano,12
carelessness,12
race,12
expense,12
paper,12
reach,12
revenge,12
decide,12
tbh,12
realized,12
cool,12
ww3,12
pure,12
tourism,12
awol,12
cooperation,12
impeaching,12
extorting,12
hammed,12
ro,12
extort,12
teach,12
neighboring,12
simple,12
executive,12
libya,12
jkt4810thann,12
warsaw,12
ghetto,12
betrays,12
gutieress,12
quarter,12
yg,12
impressed,12
dgn,12
pergi,12
jumpa,12
23feb2022,12
survive,12
external,12
conditional,12
besides,12
kissing,12
translates,12
uniquely,12
event,12
dirty,12
lover,12
131th,12
emanating,12
opportun,12
reaffirmed,12
whats,12
comp,12
cop,12
arming,12
bubbie,12
brick,12
elevate,12
misinterpreted,12
ron,12
x,12
starfighter,12
independenceday2022,12
glass,12
cou,12
county,12
shyster,12
drew,12
coverage,12
bragging,12
reunited,12
joseph,12
older,12
bringing,12
five,12
anthonyalbanese,12
challenging,12
delivering,12
issuing,12
ironclad,12
deeper,12
banning,12
petro,12
credited,12
outlined,12
martinez,12
espn,12
mueller,11
example,11
reckon,11
based,11
hilarious,11
medvedev,11
mario,11
praising,11
warned,11
offered,11
afu,11
spot,11
roll,11
merrick,11
volodomyr,11
persecutes,11
muslim,11
repeated,11
ottawa,11
redirecting,11
crowd,11
netherlands,11
casualty,11
19,11
fancy,11
stubborn,11
organization,11
significant,11
speaker,11
released,11
mouth,11
pretend,11
obtained,11
41,11
6th,11
pleasure,11
rub,11
shoulder,11
elite,11
bastard,11
si,11
suckered,11
bothered,11
basically,11
comic,11
october,11
fa,11
supposedly,11
document,11
citizenship,11
community,11
sooner,11
write,11
offshore,11
rock,11
success,11
north,11
starmer,11
imbecility,11
handcart,11
known,11
entertain,11
whose,11
road,11
sportsman,11
similar,11
theatre,11
pocketing,11
intel,11
voldemort,11
quiet,11
retirement,11
tod,11
nwo,11
usually,11
empire,11
risk,11
cruise,11
exact,11
coun,11
twice,11
quota,11
35m,11
repetative,11
hitler,11
throw,11
mf,11
dick,11
backing,11
potential,11
fear,11
caused,11
earlier,11
celebrated,11
thief,11
gi,11
paint,11
pic,11
warmongering,11
dire,11
heeded,11
grace,11
starring,11
aged,11
selfies,11
du,11
tape,11
silly,11
trick,11
annually,11
00,11
cayman,11
convincing,11
suggestion,11
ten,11
supreme,10
christian,10
zero,10
mil,10
biography,10
mon,10
rhetoric,10
stronger,10
sky,10
pocket,10
iraq,10
di,10
ops,10
yesterday,10
chi,10
plenty,10
occur,10
largely,10
backed,10
er,10
predictabl,10
damage,10
christ,10
michael,10
advance,10
hundred,10
silence,10
fast,10
damaged,10
location,10
lord,10
uniform,10
bloody,10
population,10
suddenly,10
tiny,10
strategically,10
imminent,10
hang,10
nah,10
trade,10
sits,10
returned,10
mate,10
tweeted,10
posted,10
drawn,10
timeline,10
union,10
orange,10
favor,10
ousts,10
scout,10
beat,10
false,10
owned,10
thunberg,10
stuck,10
volodymyrzelensky,10
remained,10
alongside,10
podolyak,10
tomorrow,10
carrot,10
javelin,10
noticed,10
controlled,10
abuse,10
somewhere,10
poo,10
portrait,10
fr,10
tony,10
fat,10
becomes,10
rebel,10
kicking,10
rob,10
yo,10
organisa,10
seek,10
abou,10
eng,10
contribute,10
saddam,10
hussain,10
murkowski,10
sullivan,10
2024,10
nee,10
ukrai,10
mapper,10
emotional,10
50th,10
liz,10
microsoft,10
supposed,10
georgia,10
mentioned,10
lmao,10
ra,10
eat,10
worst,10
donets,10
william,10
funeral,10
summit,10
terror,10
addict,10
declaration,10
13,10
radio,10
admin,10
cohen,10
indiv,10
mob,10
sergeant,10
ch,10
fighter,9
admit,9
fly,9
process,9
possibly,9
pick,9
convince,9
int,9
grifter,9
bribery,9
preparing,9
wishing,9
shameless,9
patience,9
spokesperson,9
8848,9
politicslive,9
annoyed,9
continuing,9
tweeting,9
gather,9
often,9
gr,9
provoke,9
58pm,9
decides,9
bunch,9
fl,9
sacrifice,9
jealous,9
debacle,9
ended,9
added,9
shared,9
crony,9
bc,9
throughout,9
champion,9
cl,9
infantile,9
declaring,9
regard,9
joebiden,9
genius,9
employed,9
protection,9
defen,9
europeanunion,9
fueling,9
everywhere,9
msm,9
raab,9
vacee,9
1st,9
korea,9
04am,9
coll,9
fest,9
cheque,9
shill,9
fortr,9
jazeera,9
villa,9
store,9
arestovych,9
suppose,9
haha,9
bingo,9
missed,9
epidemic,9
hmm,9
heed,9
built,9
aura,9
spell,9
presid,9
outside,9
classic,9
beijing,9
manpower,9
par,9
ihor,9
technical,9
assistance,9
imo,9
miami,9
deluded,9
bot,9
impossible,9
church,9
adding,9
hamilton,9
yup,9
personality,9
gen,9
partne,9
treasure,9
alert,9
victorianuland,9
critical,9
illegally,9
sheeple,9
zoka,9
berlusconi,9
sicily,9
sardinia,9
surrendered,9
route,9
activity,9
prison,9
marshall,9
provoked,9
receiving,9
54,9
presence,9
stalin,9
anybody,9
prosecutor,9
2015,9
wandering,9
nsw,9
additional,9
affiliated,9
grift,9
accumulated,9
placed,8
ranking,8
code,8
september,8
bullshit,8
non,8
claiming,8
simply,8
russiaisaterroriststate,8
nope,8
crooked,8
mini,8
guessing,8
disinformation,8
madrid,8
dismantling,8
charge,8
cringe,8
hooker,8
clean,8
fucked,8
felt,8
approval,8
autumn,8
doubter,8
relation,8
private,8
bojo,8
tough,8
desperate,8
scheduled,8
blower,8
zaporizhia,8
sich,8
applying,8
fair,8
fi,8
grow,8
inform,8
mobilize,8
cruz,8
bin,8
laden,8
pod,8
pal,8
hat,8
pony,8
devil,8
bullet,8
ecclestone,8
listened,8
avoid,8
fore,8
guard,8
throwing,8
prote,8
bahrain,8
club,8
gathered,8
plane,8
spree,8
pity,8
bffs,8
bett,8
killer,8
closed,8
corrupted,8
toby,8
newstead,8
suze,8
wilson,8
lady,8
beggar,8
yea,8
3d,8
projection,8
nose,8
highest,8
repeat,8
whitewashed,8
expansion,8
shoot,8
summer,8
past,8
2027,8
volodymy,8
impersonator,8
corriere,8
quoted,8
prior,8
settle,8
talked,8
cooperate,8
devastated,8
pinpoint,8
airbase,8
dad,8
animal,8
cuddly,8
blessing,8
yelled,8
transliteration,8
vincent83,8
athens,8
breakdown,8
handy,8
rip,8
symbol,8
clash,8
forum,8
shell,8
resist,8
iran,8
zionist,8
centre,8
wht,8
maidan,8
milions,8
atgm,8
sur,8
07,8
tense,8
abandon,8
chosen,8
smoking,8
indiscriminately,8
vasquez,8
avery,8
shitload,8
condiment,8
fischer,8
bro,8
influence,8
yugoslavia,8
bhl,8
wsup,8
27,8
affecting,8
intervi,8
libera,8
desire,8
winner,8
rishpon,8
voldymyr,8
aa,8
slavaukraini,8
lick,8
cassis,8
monda,8
rush,8
dea,8
oust,8
lt,8
gaji,8
pak,8
sloviansk,8
ultimately,8
milk,8
untrained,8
welfare,8
recapture,8
sidewalk,8
grandparent,8
highlandpark,8
victim,8
profitable,8
hoe,8
invades,8
denyi,8
lecturer,8
concentrate,8
nair,8
age,8
euronews,8
45,8
smerch,8
uragan,8
grad,8
armukrainenow,8
besieged,8
kievan,8
donald,8
blackmail,8
mccarthy,8
tee,8
lin,8
upcoming,8
waited,8
nex,8
ashker,8
elaine,8
commonwealth,8
99,8
impeached,8
humiliation,8
16,8
inkling,8
hug,8
regains,8
collapsing,8
laun,8
popcorn,8
spectacle,8
enormous,8
differ,8
governor,8
smog,8
cbc,8
acknowledged,8
staggering,8
resolve,8
tid,8
asparagus,8
broker,8
mu,8
river,8
mindboggling,8
refusal,8
picking,8
firing,8
prose,8
unsc,8
ignored,8
orwellian,8
ombudsman,8
linked,8
ukrainia,8
seedy,8
shady,8
hub,8
illicit,8
sale,8
gu,8
suburb,8
affluent,8
congratu,8
rid,8
axis,8
murica,8
wor,8
rifle,8
generous,8
attention,8
enforcement,8
subscription,8
financially,8
whi,8
bombarding,8
yakolevka,8
20feb2022,8
aga,8
mcgovern,8
hunger,8
pointless,8
bac,8
kanefield,8
imho,8
suited,8
gathering,8
magdalenaandersson,8
buch,8
borodyanka,8
pa,8
jailing,8
syria,8
67,8
intervene,8
wakey,8
wave,8
cleaned,8
bumlickers,8
yanukovych,8
shall,8
doggedness,8
goober,8
gradually,8
kherso,8
blockade,8
0718689794,8
0112253094,8
checkpoint,8
plaza,8
utawala,8
authoritarian,8
azovbattalions,8
nyx,8
trubshawe,8
sweepstake,8
katie,8
harvey,8
gareth,8
southgate,8
frankie,8
cocoz,8
denys,8
witnessed,8
mobile,8
arriv,8
federal,8
sought,8
redesign,8
anambra,8
identified,8
chinwendu,8
umegbaka,8
10x,8
20x,8
nbc,8
driven,8
capital,8
baltic,8
camera,8
helicopter,7
def,7
deflection,7
cabinet,7
agency,7
ukraina,7
page,7
burn,7
constable,7
durham,7
deserve,7
catching,7
fairly,7
realises,7
himars,7
health,7
willing,7
doi,7
memorial,7
saurmogila,7
wet,7
pull,7
deflect,7
fine,7
otherwise,7
treating,7
piss,7
stalking,7
infrastructure,7
existence,7
lesson,7
digging,7
visa,7
grabbing,7
sean,7
rwanda,7
memory,7
rada,7
arrange,7
consequence,7
churchill,7
hungarian,7
entitled,7
disintegration,7
roe,7
worn,7
propelled,7
howitzer,7
uaarmy,7
lewis,7
accepted,7
importantly,7
poop,7
folk,7
wild,7
awaits,7
didnt,7
kremenchuk,7
cancelled,7
defeated,7
murderer,7
brigade,7
corporate,7
paul,7
shout,7
luxury,7
exemplary,7
torturing,7
institution,7
warcriminal,7
faction,7
bus,7
escalation,7
rant,7
behalf,7
demanded,7
addr,7
lysy,7
horrified,7
colony,7
trial,7
kononovich,7
prosecutes,7
suspect,7
r4to,7
obsession,7
rag,7
follows,7
lived,7
fraudster,7
handling,7
moneylaundering,7
lysichansk,7
valuable,7
immediate,7
celebration,7
organ,7
holocaust,7
kinzinger,7
ship,7
innoc,7
hoping,7
sake,7
captain,7
producer,7
walk,7
advantage,7
coordination,7
collecting,7
von,7
der,7
leyen,7
bo,7
david,7
dod,7
ethnic,7
slow,7
fantasy,7
perth,7
studio,7
loser,7
tg,7
related,7
collected,7
field,7
lovegrove,7
admits,7
fuelling,7
ebulliently,7
confident,7
south,7
striking,7
facility,7
bann,7
featured,7
mond,7
vlad,7
56,7
05,7
unless,7
cheering,7
recall,7
weariness,7
donet,7
born,7
superior,7
annexation,7
literal,7
introducing,7
ukraineansweringthecall,7
tonig,7
limbo,7
max,7
payment,7
kevin,7
rudd,7
audit,7
accountability,7
ulyanov,7
milita,7
paging,7
pattern,7
handing,7
detained,7
igor,7
truss,7
reveal,7
279,7
xaba,7
grou,7
unhappy,7
discussed,7
russi,7
assumption,7
dare,7
tyrant,7
accord,7
ir,7
ruling,7
greatly,7
acknowledging,7
596,7
lifestyle,7
holy,7
mmmmm,7
blogger,7
resident,7
donbasswar,7
sniper,7
operational,7
clearing,7
explain,7
production,7
tea,7
span,7
squandered,7
waste,7
november,7
pandorapapers,7
mother,7
volody,7
listening,7
weak,7
fuckputin,7
included,7
cheap,7
virtually,7
gesture,7
knock,7
sportsnews,7
amplified,7
countless,7
whic,7
remain,7
compete,7
leaving,7
guilt,7
ascent,7
admired,7
joeb,7
cornerstone,7
approach,7
hardly,7
capability,7
withdrew,7
exercise,7
inalienable,7
palesti,7
slav,6
phoned,6
settlement,6
unwinnable,6
exclusive,6
hitting,6
cat,6
shrewd,6
operator,6
forgot,6
bloke,6
tbf,6
tool,6
realistic,6
bankrupt,6
divert,6
male,6
increasingly,6
water,6
barry,6
skill,6
appear,6
pissed,6
april,6
butcher,6
multi,6
notice,6
background,6
belarusian,6
exchange,6
countr,6
involved,6
bat,6
mug,6
highly,6
whe,6
cease,6
civil,6
popularity,6
1000,6
jet,6
sturgeon,6
hutchinson,6
belongs,6
dressing,6
0502,6
skynews,6
ahahaha,6
mired,6
danger,6
lifebelt,6
applied,6
prgirl,6
agreed,6
permitted,6
fortune,6
washing,6
fellow,6
definitel,6
stalker,6
attacking,6
nat,6
reduced,6
stress,6
clever,6
rabitt,6
embarrassing,6
warm,6
pas,6
viagra,6
warlord,6
spoof,6
excuse,6
acting,6
dealing,6
worried,6
stalked,6
wise,6
aljazeera,6
viktor,6
persistent,6
bell,6
osama,6
underestimate,6
depravity,6
deliberate,6
gary,6
wondering,6
synagogue,6
lawrow,6
class,6
crazy,6
facist,6
bastardism,6
lbc,6
unfortunately,6
1960,6
organising,6
greta,6
wage,6
peacetalks,6
succeeding,6
advancement,6
boss,6
establishment,6
fowdy,6
brussels,6
preferable,6
exists,6
cureton,6
cake,6
irritation,6
habermas,6
soka,6
gakkai,6
low,6
logic,6
abalone,6
avarice,6
peerage,6
handler,6
blatant,6
headed,6
750billion,6
figured,6
coalition,6
mongolia,6
gotten,6
appartments,6
vir,6
zelebsky,6
humour,6
forcing,6
furt,6
blair,6
ursula,6
size,6
pounded,6
zelenskys,6
development,6
comfort,6
suffered,6
suggesting,6
stopputin,6
admission,6
educated,6
entertainer,6
stink,6
delusional,6
sunny,6
isle,6
rescue,6
powerful,6
burisma,6
reverse,6
gear,6
loom,6
duran,6
aggressive,6
depriving,6
wheat,6
irresponsible,6
implicated,6
contradictory,6
among,6
easier,6
millionaire,6
beautiful,6
dem,6
station,6
elit,6
mosad,6
hunterbiden,6
loses,6
smell,6
aslund,6
counter,6
pea,6
receives,6
carry,6
da,6
unfortunate,6
steel,6
ho,6
apology,6
anot,6
seasoned,6
disrespectful,6
changing,6
saving,6
stunt,6
unwavering,6
exposed,6
odesa,6
solidarity,6
95,6
azovstal,6
defender,6
timing,6
perishes,6
milineal,6
twat,6
dressups,6
ind,6
sl,6
province,6
olena,6
zelenska,6
grant,6
unbreakable,6
flesh,6
prankster,6
pandemic,6
truest,6
wilderness,6
peopl,6
provided,6
cyber,6
horrible,6
prisoner,6
stolen,6
dems,6
exile,6
mostly,6
joined,6
inspired,6
bravery,6
anger,6
anywhere,6
bruh,6
description,6
comparing,6
telegram,6
insider,6
amravati,6
nia,6
register,6
fir,6
umesh,6
kolhe,6
laid,6
saveourdemocracy,6
blackmailing,6
raffensperger,6
praised,6
russiaukrainewar,6
wes,6
symbolic,6
tenacity,6
doesnt,6
profiteering,6
warren,6
buffett,6
azovnazis,6
indonesian,6
mission,6
encouraged,6
dialo,6
obligation,6
proposal,6
spin,6
lnp,6
weakens,6
katyn,6
olympics,6
gam,6
brings,6
390,6
rumored,6
facto,6
vendetta,6
ndtv,6
53,6
spiral,6
smile,6
catalogue,6
chernobyl,6
mid,6
spir,6
tbilisi,6
granted,6
wat,6
tat,6
inviting,6
toronto,6
stockholm,6
syndrome,6
geopolitical,6
bbc,6
provoking,6
tilt,6
eyeing,6
forfeiture,6
swell,6
connect,6
contract,5
clout,5
turmoil,5
mine,5
peo,5
measure,5
scoop,5
trav23,5
uwe,5
parpart,5
continual,5
pool,5
ini,5
lho,5
berita,5
asli,5
sanggahan,5
atas,5
ngibulnya,5
fooled,5
overcome,5
collapsed,5
script,5
resurrect,5
putinwarcriminal,5
pretended,5
appreciation,5
ukrainerussianwar,5
thick,5
assuming,5
poll,5
withdraw,5
sex,5
pest,5
bound,5
cheered,5
ww,5
wiping,5
eh,5
costoflivingcrisis,5
fined,5
bob,5
deeply,5
zimbabwe,5
sho,5
sympathy,5
boost,5
cast,5
outsmart,5
mercenary,5
chap,5
genuine,5
reached,5
timed,5
coca,5
prop,5
boristheliar,5
publicly,5
fish,5
photoshoot,5
avoiding,5
italy,5
albaneasel,5
weasel,5
jesus,5
hop,5
orban,5
ukraineunderattack,5
arrogance,5
normalized,5
mediocre,5
nature,5
li,5
discussion,5
advocate,5
whatsoever,5
screaming,5
cit,5
naziukraine,5
lawyer,5
feature,5
kyivind11,5
06pm,5
kyivind6,5
relief,5
grand,5
investor,5
welcomed,5
sara,5
jade,5
cousin,5
coward,5
kramatorsk,5
reading,5
oleksandr,5
ivanchak,5
holder,5
rubik,5
recognize,5
equivalent,5
planned,5
epstein,5
underestimating,5
standup,5
authority,5
farce,5
sing,5
exciting,5
reimagining,5
tale,5
mephistopheles,5
runic,5
soul,5
rea,5
wan,5
catch,5
dr,5
intervention,5
ukrainianarmy,5
female,5
expects,5
sucking,5
stepan,5
morrison,5
hired,5
struck,5
duty,5
villain,5
board,5
pot,5
honest,5
spared,5
qualified,5
400,5
collaboration,5
enacted,5
sofabed,5
plea,5
fucksticks,5
genuflecting,5
subsidize,5
capable,5
electricity,5
requested,5
inflicted,5
donate,5
toll,5
betraying,5
tripping,5
imperialism,5
warfare,5
ugh,5
printed,5
hung,5
achieve,5
driving,5
produced,5
russiaukrainew,5
gmb,5
hami,5
zelenski,5
huh,5
uhuru,5
jubilee,5
integrity,5
leg,5
ironically,5
unrest,5
kept,5
immigrant,5
brainwashed,5
blinded,5
sta,5
surrounded,5
bidens,5
curious,5
landslide,5
lab,5
pushed,5
frustration,5
ethnically,5
222,5
kolomoyskyi,5
angela,5
cokehead,5
prompting,5
zelenko,5
opponent,5
revealing,5
blackberry,5
stenger,5
laptop,5
isnt,5
dissapear,5
mark,5
nuanced,5
possession,5
expose,5
liza,5
premier,5
chaos,5
apply,5
reply,5
verkhovna,5
fulfilled,5
alessandro,5
achilli,5
destiny,5
siege,5
transferred,5
dec,5
bri,5
data,5
mic,5
sup,5
gaslight,5
viewer,5
ii,5
et,5
monster,5
understatement,5
c0vld,5
gaffe,5
foreigner,5
mont,5
jr,5
dismal,5
protected,5
humor,4
legislates,4
enable,4
occupation,4
bio,4
proper,4
sticking,4
maguire,4
profession,4
reform,4
audi,4
tick,4
decisive,4
borismustgo,4
johnsontheliar,4
spreadsheet,4
translate,4
harm,4
petition,4
wen,4
ligh,4
scenario,4
avoided,4
fastest,4
gdp,4
alive,4
lexicon,4
hears,4
131,4
impregnated,4
aunt,4
bunter,4
arrived,4
coincidentally,4
bozo,4
commissioner,4
gotham,4
bloviator,4
owes,4
humbled,4
designed,4
performa,4
favour,4
fulling,4
concern,4
stupidfied,4
poorer,4
yearning,4
0,4
coincidental,4
geidt,4
resigns,4
universe,4
tied,4
annexed,4
ordered,4
immense,4
garry,4
mostro,4
medical,4
implement,4
james,4
joking,4
rope,4
awful,4
posting,4
lee,4
predicta,4
distasteful,4
booking,4
utterly,4
cowardly,4
dodge,4
paranoia,4
pric,4
widespread,4
lad,4
eichert,4
habit,4
aide,4
emblem,4
adversary,4
begged,4
sudden,4
advise,4
stance,4
3rd,4
pretending,4
knight5,4
respond,4
possibility,4
puppy,4
sun,4
instruction,4
ap,4
ukran,4
asap,4
1991,4
internationally,4
recognized,4
chinemerem,4
yelp,4
hague,4
salivating,4
reclaiming,4
galicia,4
lviv,4
malcolm,4
emmanuel,4
comf,4
revenue,4
hotel,4
deserv,4
powder,4
kerry,4
unemployment,4
bald,4
sore,4
whale,4
consistent,4
trukrainian,4
lunatic,4
manmoh,4
prohibit,4
monument,4
worshiping,4
extended,4
excitement,4
wheresalbo,4
trackingag30,4
vaccinate,4
sanitiser,4
abso,4
adamant,4
sauna,4
sweat,4
cait,4
groped,4
overthrown,4
requi,4
moreneta,4
cctv,4
robust,4
greener,4
healthier,4
libero,4
quotidiano,4
reign,4
dance,4
competition,4
badly,4
r4today,4
crystal,4
agitating,4
tra,4
depp,4
pitt,4
jackman,4
corps,4
feted,4
sane,4
ratiod,4
meat,4
grinder,4
metaphorically,4
muc,4
retreating,4
toward,4
carl,4
shown,4
manifest,4
emphasising,4
educatio,4
bennett,4
updated,4
concluding,4
dragged,4
mythical,4
beast,4
embrace,4
healthy,4
constructive,4
armament,4
indus,4
primaril,4
volodymr,4
visitor,4
carved,4
piling,4
merchant,4
terribly,4
inj,4
snob,4
denazifiction,4
palestini,4
instrumental,4
ridiculing,4
unsitting,4
debunked,4
pt,4
commenced,4
illusory,4
lois,4
percent,4
devastating,4
greece,4
emph,4
argue,4
catalog,4
overthrew,4
festered,4
crack,4
820,4
treasury,4
soaring,4
specially,4
lgbt,4
load,4
rubbish,4
waaaay,4
august,4
nbc6news,4
poole,4
thei,4
wcnn,4
kidnapped,4
nutbag,4
psychopath,4
threa,4
countryman,4
progress,4
collectible,4
giftshop,4
usatoday,4
quote,4
install,4
pinchuk,4
goad,4
enforce,4
wanders,4
brainwashing,4
dunno,4
33,4
protestors,4
anthem,4
ambassado,4
understandable,4
heroi,4
worldnews,4
vist,4
dore,4
faust,4
stubbornness,4
purveyor,4
xiijinping,4
residential,4
arrogantly,4
loud,4
answred,4
wih,4
applie,4
velkom,4
attain,4
wimbledon,4
mite,4
ev,4
obi,4
financed,4
error,4
kk,4
telemarathon,4
workforce,4
raytheon,4
lockheedmartin,4
slice,4
kolomoysky,4
letsgobra,4
suspicion,4
cleanse,4
structure,4
imp,4
network,4
wealthiest,4
costing,4
warring,4
bully,4
widow,4
orphan,4
maid,4
pushover,4
convos,4
overrun,4
modecule,4
goldwater,4
rees,4
aka,4
andddd,4
shud,4
braindead,4
enrire,4
amongst,4
themselve,4
thnks,4
kondori,4
suicide,4
conflit,4
russo,4
ukrainien,4
bienvenue,4
mardi,4
afp,4
ramp,4
reb,4
abdullahkutty,4
statistic,4
threshold,4
electio,4
laying,4
perh,4
proving,4
econroundtablegr,4
billionare,4
assurance,4
proposed,4
marchin,4
tearing,4
downpayment,4
rusi,4
concentrated,4
torturer,4
rapist,4
looter,4
ordi,4
ridden,4
senegal,4
chairman,4
hosted,4
dough,4
apologised,4
progressing,4
click,4
slowly,4
steadily,4
surfacing,4
neighbourhood,4
flatly,4
aretovych,4
severo,4
hank,4
enslaved,4
newer,4
served,4
svf630,4
flightradar24,4
fkn,4
represent,4
fit,4
finger,4
sympathize,4
humanitarian,4
oppositio,4
wholesale,4
dice,4
marge,4
greene,4
unlawful,4
wand,4
volodym,4
hooked,4
conflagration,4
dy,4
sack,4
belgorod,4
gulag,4
awaiting,4
laundry,4
dimini,4
akron,4
motorist,4
manipul,4
couch,4
urge,4
tki,4
newworldorder,4
bliken,4
pl,4
unilaterally,4
righto,4
zi,4
sacrificing,4
aftershave,4
allegedly,4
rabid,4
ira,4
revolution,4
temporarily,4
nexxxxxxt,4
bide,4
instructing,4
continu,4
sp,4
indone,4
technology,4
bootlicker,4
ax,4
conclu,4
prophet,4
sh1t,4
licking,4
stiffed,4
undesirable,4
removal,4
declare,4
inva,4
niw,4
thats,4
retiree,4
acquired,4
snorting,4
batch,4
copium,4
rational,4
gawd,4
qualify,4
stor,4
rcortney,4
repulsive,4
despise,4
cold,4
football,4
hal,4
scherba,4
legend,4
oneday,4
grade,4
muricccaa,4
92,4
bdo,4
meanw,4
danke,4
jessica,4
svo,4
8216,4
821,4
sophistic,4
afgha,4
lihdouniversity,4
necklace,4
bracelet,4
jewelry,4
20mi,4
od,4
erdogan,4
russophobic,4
32,4
tal,4
russiaukrain,4
giddy,4
munching,4
uncle,4
sam,4
marshaling,4
sacrific,4
economics,4
institute,4
assessed,4
103,4
billi,4
informing,4
ratio,4
durt,4
unyield,4
chatted,4
undergo,4
chatte,4
gav,4
melitopol,4
kher,4
provin,4
discovering,4
wut,4
surp,4
icymi,4
dom,4
suspicious,4
fakenews,4
12pm,4
argues,4
transcript,4
vlodymyr,4
embassy,4
peter,4
sophisticated,4
grasp,4
ove,4
couzens,4
wod,4
hinge,4
theasahishimbun,4
hari,4
atrocity,4
disgust,4
repair,4
middle,4
massage,4
jaysus,4
wee,4
thursday,4
combined,4
bedroom,4
initiative,4
bias,4
dominate,4
tariff,4
bicycle,4
strewn,4
advocated,4
junior,4
mourning,4
regroup,4
supplied,4
inflict,4
misery,4
hospitalized,4
oppose,4
privatisation,4
maximum,4
airstrike,4
daring,4
leftistvegan,4
propped,4
harming,4
trusted,4
threatens,4
24feb2022,4
portugal,4
huffpostwomen,4
ki,4
gaddafi,4
socialmedia,4
earegun,4
shelter,4
mcclelland,4
scope,4
sunriseon7,4
mastersofspin,4
oleksiy,4
thieving,4
fucken,4
sleepy,4
rising,4
snub,4
evidence,4
tanya,4
plibersek,4
restored,4
prosper,4
hardware,4
listing,4
authorizing,4
addi,4
hospital,4
boing,4
zebedee,4
arrive,4
laughed,4
ieworld,4
conduct,4
inn,4
root,4
triumphan,4
blaming,4
ultimate,4
renovat,4
appealing,4
132,4
rebui,4
sympathizer,4
greet,4
ohh,4
guarant,4
worsens,4
sydney,4
framed,4
ztards,4
chill,4
determination,4
sklen,4
lookout,4
itemised,4
receipt,4
abstinence,4
education,4
gunned,4
hurting,4
porn,4
harder,4
74th,4
inevitably,4
celebratory,4
privat,4
sadam,4
reasonable,4
leadershi,4
happier,4
hayday,4
neutral,4
codex,4
giga,4
byzan,4
m142,4
mlrs,4
zaporozhye,4
direction,4
crux,4
1936,4
marco,4
gram,4
winging,4
sully,4
urban,4
myth,4
unnecessary,4
negot,4
raven,4
conveniently,4
caved,4
interference,4
violat,4
delineated,4
whistleblower,4
obstructed,4
interfere,4
132nd,4
putler,4
civilized,4
prague,4
wrapped,4
willingly,4
volunteered,4
specifically,4
reiterated,4
starte,4
comedia,4
sugges,4
notic,4
spacecat,4
ponders,4
a55e5,4
supplying,4
housing,4
enforcing,4
providing,4
jailed,4
lispy,4
mcjetsetter,4
raised,4
flat,4
tyvm,4
almo,4
competin,4
repost,4
partnership,4
stirling,4
lalipopo,4
zionst,4
palestinian,4
empathize,4
chaser,4
understan,4
sentiment,4
traffic,4
site,4
cemetery,4
keepe,4
dictatorship,4
abandoning,4
rhino,4
onboard,4
taller,4
millio,4
fyi,4
inevitable,4
allgemeine,4
satisfied,4
cutout,4
cheaper,4
gee,4
merged,4
teeth,4
leaked,4
bipartisan,4
particu,4
cheney,4
regiment,4
yahoo,4
appe,4
mick,4
mulvaney,4
commentary,4
cassidy,4
neuter,4
g7summit,4
conferencing,4
harrypotter,4
writer,4
kuznetsov,4
aleksei,4
stolyarov,4
jt,4
limit,4
eva,4
loved,4
compliant,4
tfg,4
chain,4
careful,4
dropped,4
briefcase,4
courageous,4
opin,4
murderous,4
azovbattalion,4
wynn,4
nightmare,4
distant,4
solid,4
40,4
pandora,4
constitution,4
connected,4
expressing,4
condolence,4
tarantino,4
superstar,4
equ,4
unitythroughdemocracy,4
pontifex,4
windo,4
zelly,4
465,4
raped,4
zmeiny,4
toilet,4
machine,4
uncount,4
hungry,4
100million,4
850mil,4
afghan,4
caretaker,4
unite,4
society,4
unleashed,4
tweety68,4
spanking,4
punishment,4
destructive,4
3000,4
unit,4
hostility,4
smoked,4
patriotism,4
ohio,4
recruiter,4
compatriot,4
bite,4
beacon,4
murdered,4
conviction,4
hurdle,4
terrified,4
judo,4
interdependence,4
interd,4
bribe,4
politica,4
pentagon,4
showman,4
disimilar,4
stra,4
payer,4
disp,4
demonizing,4
admirer,4
resilience,4
entirety,4
puppetry,4
consider,4
fundraiser,4
tribute,4
conquers,4
darkness,4
incr,4
wicked,4
unrecognized,4
referendum,4
explosive,4
liquid,4
nafo,4
wearenafo,4
vatniks,4
restaurant,4
norfolk,4
locally,4
beer,4
candidacy,4
approved,4
maga,4
alt,4
fuhre,4
nicola,4
improve,4
binface,4
shitshow,4
correction,4
forest,4
bike,4
avenue,4
safety,4
robar,4
beauty,4
culture,4
dc,4
nihilistic,4
zelenskyyua,4
zelenskyyisawarhero,4
comra,4
mojitos,4
convinc,4
31,4
21,4
anniversary,4
painfully,4
istanbul,4
butt,4
steep,4
decline,4
window,4
delegati,4
ne,4
ear,4
music,4
grocery,4
meaningful,4
1922,4
imme,4
avi,4
exis,4
tyulenev,4
depositing,4
separated,4
likewise,4
historian,4
aggravating,4
prostitute,4
250,4
gained,4
racism,4
prevalent,4
receive,4
justin,4
shane,4
handcuff,4
sorrento,4
birth,4
certificate,4
dav,4
330,4
homicide,4
202,4
eloquence,4
valor,4
persev,4
uvalde,4
il,4
whiting,4
chalk,4
mile,4
located,4
reunite,4
min,4
deerfield,4
cook,4
talented,4
dramatic,4
founded,4
kvartal95,4
typical,4
jordan,4
physical,4
lasting,4
ill,4
cycle,4
stuffing,4
random,4
mfer,4
sheep,4
yellow,4
avatar,4
graveland,4
senseless,4
whim,4
adventurism,4
modiji,4
jeyden,4
withd,4
impoverishe,4
medvedchuk,4
extradite,4
focusing,4
maintaining,4
yermak,4
strongest,4
editor,4
falk,4
replaced,4
junkie,4
rand,4
mccain,4
unvaxxed,4
todd,4
governm,4
apple,4
pie,4
jpaulgetty,4
mom,4
crazynoob,4
pussy,4
amirite,4
iranian,4
surre,4
massshooting,4
r3ad3r,4
peaceful,4
supersede,4
ivan,4
bakanov,4
justifying,4
befor,4
donal,4
actuall,4
disappointed,4
described,4
20yo,4
celebra,4
rescinds,4
abortion,4
tribal,4
sovereignty,4
patriotic,4
askboris,4
bef,4
bent,4
screamed,4
magdalen,4
budgeting,4
eating,4
hiswokeness,4
crippling,4
voter,4
demonstrated,4
neighbor,4
rick,4
perry,4
inauguration,4
understood,4
precisely,4
groucho,4
whassamadder,4
woken,4
ripped,4
totalitarianism,4
fired,4
bloodied,4
trafficking,4
biological,4
chemical,4
boat,4
draping,4
merc,4
pritzker,4
closely,4
monitoring,4
assisting,4
pd,4
occurred,4
downtown,4
stripped,4
steward,4
biz,4
doh,4
rarely,4
interviewzelenskyy,4
bestinterviewzelenskyy,4
nav,4
resisted,4
buff,4
af,4
bloated,4
alcoholic,4
muscle,4
scarr,4
pressed,4
newsworldpress,4
expertly,4
prod,4
fod,4
theu,4
wedding,4
forgetting,4
presented,4
television,4
twiddle,4
joko,4
disclose,4
lysyschank,4
clutch,4
ag,4
dominated,4
bask,4
reflected,4
div,4
dro,4
latt,4
participant,4
wager,4
cult,4
vibe,4
flirting,4
nipped,4
bud,4
barbie,4
dissent,4
blind,4
ineptcic,4
founder,4
compromised,4
bild,4
andrij,4
melnyk,4
distance,4
nihilist,4
appreciated,4
unhinged,4
vaush,4
screeching,4
prove,4
raymond,4
orcs,4
knocked,4
kiyv,4
graph,4
ctv,4
finished,4
relaying,4
rela,4
content,4
ju,4
ruined,4
inflator,4
flagshaggers,4
daren,4
introduce,4
ukraineunderatta,4
russiaukraine,4
earth,4
fcked,4
creek,4
remaining,4
predicts,4
excerpt,4
98,4
learns,4
inf,4
unknowingly,4
yeme,4
bird,4
internet,4
hosting,4
snl,4
magnet,4
vision,4
feasting,4
camidoh,4
purposely,4
airstrik,4
despot,4
mao,4
pahlavi,4
batista,4
marcos,4
hus,4
glob,4
unshakable,4
millionth,4
repl,4
uncontrolled,4
ladyman,4
factor,4
compensating,4
individual,4
triggered,4
letting,4
faculty,4
ameri,4
packing,4
surrend,4
thans,4
wimp,4
chennai,4
kolkata,4
killerzellen,4
lately,4
oy,4
decency,4
03,4
rewarded,4
wasted,4
skate,4
barely,4
ano,4
texted,4
intented,4
freeze,4
84,4
confusion,4
ambition,4
require,4
score,4
injured,4
crowded,4
pub,4
houthis,4
serhii,4
haidai,4
dig,4
appearing,4
hakusan,4
campus,4
350,4
blessed,4
shi,4
boe,4
congre,4
regan,4
sabinus,4
angeljbsmith,4
asuu,4
recognise,4
hrerbunker,4
librandus,4
honored,4
bhatia,4
silo,4
airstrikes,4
sopa,4
lightrocket,4
getty,4
ruthlessly,4
tak,4
dobas,4
badass,4
cower,4
fgs,4
newly,4
constructed,4
targeted,4
monies,4
ignazio,4
unconditionally,4
zee,4
enhance,4
spanish,4
drive,4
reidout,4
diplomat,4
123info,4
zelenskyys,4
reiterate,4
appeasing,4
bagdad,4
religious,4
study,4
teacher,4
impregnates,4
ss2,4
fol,4
famil,4
fixation,4
odd,4
lara,4
logan,4
mig,4
benedict,4
heat,4
128,4
testimony,4
crick,4
virologist,4
checking,4
addition,4
repel,4
unjust,4
ahem,4
ti,4
feckless,4
shamed,4
fuss,4
mus,4
nseupdate,4
crushing,4
airbnb,4
kyi,4
666,4
patent,4
segment,4
presidet,4
tyr,4
impact,4
investing,4
bribing,4
discrepancy,4
comparison,4
hopko,4
scam,4
scheme,4
vax,4
ghislain,4
purposeful,4
accidental,4
youtu,4
historic,4
neutralit,4
nicolle,4
wallace,4
producing,4
awareness,4
expressed,4
groundbr,4
ter,4
orchestra,4
rethink,4
1812,4
overture,4
rite,4
peninsula,4
cleansed,4
yan,4
lenskyy,4
ukranazi,4
yemen,4
mill,4
qtr,4
democr,4
sund,4
luhans,4
observer,4
commentator,4
outskirt,4
vi,4
token,4
waja,4
ukronazis,4
gentleman,4
celebrating,4
rayner,4
touring,4
dungeon,4
inspiring,4
rot,4
neutra,4
caption,4
1914,4
wwi,4
aut,4
governing,4
mode,4
martial,4
accus,4
reinvent,4
manipulate,4
ummm,4
gl,4
ransom,4
cripple,4
recog,4
sover,4
knowledgeable,4
focussed,4
officially,4
openly,4
suppo,4
sharing,4
offic,4
saint,4
territ,4
snow,4
thin,4
angel,4
julian,4
ukie,4
zhid,4
pravy,4
svoboda,4
aidar,4
c14,4
banderistas,4
lithuania,4
ignore,4
guevara,4
injustice,4
truce,4
harry,4
suzanne,4
written,4
gleefully,4
cajoling,4
ec,4
finale,4
abdicate,4
bearded,4
walker,4
hmmmm,4
rf,4
guaido,4
organized,4
sacrificed,4
prolonging,4
charlatan,4
untold,4
greater,4
failure,4
incredible,4
tire,4
nathan,4
greenfield,4
soft,4
camo,4
youtuber,4
explore,4
bulk,4
sm,4
marketing,4
phoning,3
delighted,3
uganda,3
horror,3
represents,3
mosco,3
kinda,3
helpline,3
um,3
followthetruth,3
reparation,3
lfc75,3
model,3
publicity,3
button,3
phonecall,3
whine,3
sachet,3
peril,3
2whilst,3
gstq,3
whoever,3
episode,3
dressed,3
disgusting,3
lib,3
rem,3
warukraine,3
odesafilmstudio,3
probs,3
sodding,3
humanshield,3
unbelievable,3
partygate,3
49pm,3
meme,3
samaritan,3
bag,3
duma,3
predictably,3
fre,3
intention,3
kiss,3
napoleon,3
unitedkingdom,3
interior,3
licensed,3
practice,3
kahn,3
questionable,3
hardcore,3
dialogue,3
cer,3
somethin,3
insisting,3
likening,3
apartheid,3
occupying,3
entity,3
presumabl,3
kovalen,3
numbered,3
messiah,3
methven,3
shir,3
sheer,3
isi,3
rickert,3
predictive,3
programming,3
splashy,3
controv,3
propoganda,3
indiferent,3
vip,3
treatment,3
afs,3
jacked,3
eyed,3
faggot,3
adoring,3
ignorant,3
tolerance,3
thirsty,3
naaaa,3
mehn,3
threatening,3
funneling,3
gh,3
eliason,3
directing,3
dry,3
cleaner,3
bowing,3
scraping,3
dying,3
sniffing,3
cocaino,3
dreaming,3
manslaughter,3
attrition,3
unsustainable,3
core,3
24th,3
discouraged,3
hostilit,3
06,3
kalubla,3
misplaced,3
potitoon,3
mak,3
overreaching,3
a1,3
portrayed,3
infrastruc,3
supporti,3
jean,3
sartre,3
embedded,3
rollout,3
regular,3
twas,3
splurging,3
switzer,3
jurassic,3
volodya,3
oekraine,3
nexit,3
555,3
renze,3
crumbling,3
infrastru,3
frown,3
woah,3
shriveled,3
ahahahhaah,3
pranker,3
maxim,3
comicad,3
presently,3
doll,3
illustrated,3
bait,3
biddin,3
forc,3
adopted,3
exception,3
blatantly,3
untrue,3
israelophil,3
publishing,3
pen,3
employ,3
satisfy,3
speci,3
freed,3
rew,3
getachew,3
align,3
sig,3
nordstream,3
approv,3
reconstructing,3
hel,3
chimp,3
battery,3
detector,3
capitulate,3
av,3
1912,3
8211,3
fourthreich,3
riddled,3
lap,3
reaso,3
enabling,3
laundered,3
nd,3
villager,3
meter,3
depe,3
hook,3
titian,3
tolhurst,3
serve,3
navalny,3
heck,3
2nd,3
plainly,3
blitzkrieg,3
presient,3
diverted,3
priv,3
specialist,3
dictum,3
kyivind3,3
imposed,3
campaigned,3
mistress,3
cont,3
damm,3
unde,3
civilize,3
kyivind1,3
koiye,3
sei,3
musiri,3
kuti,3
amise,3
hondo,3
kickback,3
defin,3
shelled,3
involving,3
wounded,3
immoral,3
spinel,3
negative,3
locked,3
stoltenberg,3
launderette,3
assign,3
nash,3
theory,3
excellence,3
refus,3
protested,3
akhmetov,3
yanukovyc,3
gagan,3
bakshi,3
sc,3
manufactured,3
foolishl,3
thelevant,3
politiques,3
ad,3
typing,3
nswfloods,3
floods2022,3
sydneyfloods,3
aussy,3
battler,3
400m,3
compared,3
sink,3
swathe,3
drugged,3
passivity,3
expertise,3
challenge,3
psyco,3
trauma,3
foolish,3
promotes,3
announcer,3
obnoxious,3
spout,3
commedian,3
del,3
peanut,3
phase,3
levin,3
spitt,3
definition,3
tan,3
carlin,3
sheesh,3
presume,3
frantically,3
supervision,3
favorite,3
liberty,3
seller,3
manage,3
amazon,3
fark,3
scummo,3
lauded,3
siphoned,3
phenomenal,3
sence,3
partie,3
deepen,3
wester,3
unthinkable,3
severdonetsk,3
bragged,3
im,3
hanging,3
denazification,3
outmost,3
impressive,3
lookalike,3
bastion,3
slush,3
crashing,3
kramer,3
funn,3
plastering,3
intro,3
grim,3
iocs,3
immor,3
nit,3
whoring,3
upset,3
classy,3
asshole,3
aye,3
zed,3
denier,3
representing,3
nonetheless,3
falsely,3
wilde,3
babs,3
gladys,3
pan,3
natosummit,3
adam,3
dol,3
degenerate,3
tribesman,3
whoop,3
mighty,3
loaded,3
impounded,3
regrettably,3
simplifies,3
wrec,3
raking,3
california,3
clapper,3
bone,3
spur,3
fk,3
smdh,3
zelle,3
ranc,3
23,3
bee,3
reacting,3
pushing,3
uncomfortable,3
resisting,3
delayed,3
radioactive,3
crater,3
nana,3
addo,3
complaining,3
squelch,3
dosh,3
380,3
lunch,3
behave,3
larger,3
skiing,3
chocolate,3
cuckoo,3
exampl,3
becaus,3
fleeing,3
palatial,3
prophecy,3
rebuked,3
descent,3
barbarian,3
relatively,3
bold,3
exa,3
realising,3
suprise,3
politicans,3
iphone,3
elderly,3
retire,3
monaco,3
libs,3
negotia,3
b4,3
bozza,3
impregna,3
nazzis,3
fulfil,3
unimpressed,3
albofromphotoops,3
barack,3
hilary,3
clinton,3
justine,3
litlle,3
slut,3
checked,3
maino,3
wishful,3
pumped,3
artist,3
0945z,3
peertube,3
tradic,3
buildbackbetter,3
diplomacy,3
uptil,3
err,3
cancer,3
tom,3
younger,3
ofc,3
believed,3
readout,3
landed,3
trend,3
zoom,3
standforukraine,3
income,3
spews,3
zielinski,3
choosing,3
slave,3
tik,3
tok,3
quagmire,3
illegitimate,3
aside,3
inherent,3
wartime,3
vladimirputin,3
utilise,3
zelenk,3
dash,3
regather,3
purse,3
january,3
uh,3
requires,3
superhuman,3
veil,3
secrecy,3
anywhe,3
prevented,3
minx,3
austria,3
propose,3
consultancy,3
worshipped,3
motive,3
fertile,3
77,3
nhk,3
quad,3
arranged,3
crossi,3
untermensch,3
undaunted,3
someonetellzelenskyy,3
1970s,3
transitory,3
mantra,3
snubbed,3
oau,3
stopwatch,3
scottish,3
hacking,3
spectator,3
endorsed,3
oscars2022,3
vanity,3
disconnected,3
invit,3
outclasses,3
luke,3
skywalker,3
covid19,3
tremendous,3
murdering,3
masse,3
wipe,3
abandoned,3
afghani,3
replace,3
remark,3
compet,3
taliban,3
escape,3
sellin,3
uny,3
58,3
training,3
exhausted,3
reflection,3
52,3
regio,3
instructor,3
contain,3
cherish,3
prof,3
backyard,3
reaction,3
fuckin,3
launderer,3
screwed,3
sobriety,3
poise,3
pronged,3
web,3
entrapped,3
loya,3
brass,3
kgb,3
organic,3
fertilizer,3
canon,3
foddered,3
opbelarus,3
oprussia,3
apeing,3
comikadze,3
wreck,3
horrific,3
chastain,3
mongo,3
sickle,3
2010,3
apologized,3
befitting,3
thehand,3
ashamed,3
hotspot,3
sebastopol,3
naval,3
split,3
albane,3
belarussians,3
drag,3
jump,3
vannewsagency,3
bello,3
90,3
opposit,3
welfar,3
homo,3
totaly,3
stalingr,3
concerned,3
descended,3
alb,3
erupts,3
sayi,3
reduce,3
terrorizing,3
ruscist,3
610,3
starkest,3
wonderful,3
extorted,3
rodaz,3
cocainecommons,3
cocainegate,3
opioids,3
badge,3
benfactor,3
volodymyrfrommarketing,3
rakuten,3
mikitani,3
elon,3
musk,3
loot,3
stashed,3
ohhhh,3
drama,3
humane,3
okay,3
needlessly,3
ie,3
bottomless,3
pit,3
ordinary,3
brightly,3
shining,3
trail,3
wank,3
wont,3
thezelensky,3
worldview,3
overal,3
fleecing,3
bid,3
equating,3
psychopathic,3
bestie,3
worship,3
racist,3
alr,3
supre,3
sickens,3
telethon,3
bridge,3
legis,3
corbyn,3
semitic,3
faced,3
gues,3
orth,3
stealing,3
5x,3
hmars,3
recession,3
methamphetamine,3
igno,3
nostalgia,3
charlesxii,3
pendant,3
shovel,3
substance,3
gifting,3
meaningless,3
staunch,3
aussie,3
eco,3
rie,3
sh4h,3
stamped,3
attempting,3
loveu,3
preferably,3
gravely,3
snd,3
bor,3
nasty,3
unleash,3
trove,3
giant,3
swimming,3
mortgage,3
familiar,3
scorpion,3
frog,3
mistaken,3
probab,3
enjoying,3
partner,3
600mill,3
leveled,3
collect,3
vacation,3
brown,3
wipeout,3
parkour,3
poutine,3
superbawl,3
stake,3
uncorrupt,3
gover,3
farm,3
associated,3
espa,3
ol,3
reanimated,3
bipolar,3
dislike,3
pointed,3
5b,3
neighborhood,3
spat,3
baffle,3
era,3
ado,3
sucker,3
formal,3
draft,3
gove,3
tortured,3
death44,3
imagi,3
paramount,3
459,3
duece,3
staffer,3
balance,3
contrary,3
kremenchuh,3
irony,3
patronage,3
thrilled,3
kansa,3
soccer,3
struggling,3
dominating,3
accounting,3
merely,3
defe,3
jetting,3
promotional,3
embattled,3
raping,3
hegemony,3
glo,3
hallucinates,3
recover,3
imaginary,3
scream,3
various,3
assange,3
2018,3
1776,3
foot,3
punished,3
vict,3
territorial,3
picked,3
darkest,3
zelenskywarcriminal,3
ash,3
sorrow,3
profile,3
cosplay,3
sleeve,3
minority,3
sponsored,3
slaughter,3
ravivisvesvarayasharadaprasad,3
additionally,3
grave,3
waging,3
hater,3
robot,3
suffer,3
gold,3
import,3
oz,3
alba,3
superhero,3
demonstrable,3
stephan,3
bulletproof,3
vest,3
threatened,3
convention,3
vladimi,3
kastning,3
suicidal,3
dress,3
tou,3
sank,2
vessel,2
establi,2
insist,2
invade,2
voicemail,2
lmfao,2
ai,2
needy,2
johnso,2
wato,2
itemized,2
consensuals,2
purchased,2
attitude,2
requ,2
prepare,2
truman,2
frontlines,2
80,2
flowing,2
accept,2
soyverment,2
remembers,2
plasterer,2
form,2
cultural,2
hobbit,2
hole,2
considered,2
enlargement,2
surgery,2
surreal,2
pga,2
cbrne,2
patient,2
somebody,2
protec,2
reparat,2
exploitation,2
insulted,2
coincides,2
chumminess,2
wher,2
explains,2
overran,2
strangely,2
swearing,2
gif,2
endgame,2
smarter,2
derail,2
opportune,2
fabricant,2
whack,2
promi,2
iwewe,2
headquarters,2
caucasian,2
legion,2
leash,2
treat,2
sugar,2
daddy,2
midday,2
schedule,2
swing,2
humiliated,2
thesis,2
fault,2
dumbfuckery,2
oblige,2
lifting,2
remarka,2
aaaand,2
cue,2
fucke,2
jerk,2
podium,2
clue,2
brin,2
organise,2
broader,2
troll,2
disruption,2
manager,2
pleaded,2
particularly,2
launcher,2
riding,2
dyin,2
probe,2
126,2
21pm,2
lolz,2
godslaw,2
toda,2
resort,2
barrack,2
nikolaev,2
repairing,2
expedition,2
harsh,2
emerging,2
chie,2
lsu,2
clemson,2
bama,2
saban,2
mc1ntosh,2
300,2
milking,2
dinner,2
samson,2
bearing,2
frie,2
kuleba,2
fairytale,2
earli,2
techni,2
hasnt,2
cottoned,2
timer,2
lenin,2
liberate,2
alien,2
cern,2
portal,2
bull,2
antoinette,2
delive,2
bigly,2
ther,2
flock,2
sychoph,2
rung,2
capacity,2
someon,2
aptly,2
serial,2
deceit,2
obfusc,2
mutual,2
dependence,2
mountain,2
mole,2
skirmish,2
metric,2
obsequiou,2
spewed,2
jay,2
stressed,2
gringo,2
goi,2
admirable,2
ousted,2
injunction,2
borderline,2
steroid,2
cola,2
cloth,2
visegrad24,2
nexta,2
diversion,2
scan,2
undies,2
hahahahahahahahaha,2
furore,2
labour,2
operatio,2
contingent,2
married,2
johnsonthefailure,2
premium,2
england,2
dragging,2
battling,2
argument,2
arises,2
dm,2
uni,2
colonel,2
macgregor,2
interfering,2
hick,2
ret,2
drawing,2
uploaded,2
bailing,2
practically,2
anythi,2
honorary,2
aesthetic,2
hoovering,2
critique,2
9m,2
suisse,2
proverbial,2
sturge,2
obvs,2
touch,2
hog,2
beleagured,2
reiterating,2
manoeuvre,2
2000,2
distra,2
fry,2
husband,2
burst,2
absol,2
codger,2
dinsdale,2
plate,2
slip,2
creates,2
abusive,2
disingenuous,2
toad,2
cris,2
viral,2
mcdonald,2
bombshell,2
cert,2
convo,2
spill,2
scripted,2
ought,2
foremost,2
grandstanding,2
georgie,2
perfectly,2
bravado,2
agony,2
pulling,2
rooting,2
deflectio,2
dismissed,2
naked,2
hmmmmm,2
routine,2
medya,2
inspirationa,2
sht,2
onto,2
enacts,2
strateg,2
sustained,2
kettle,2
boojohnsonout,2
getyourjohnsonoutofnumber10,2
wheeling,2
dictionary,2
avoidance,2
covered,2
urgently,2
fuckup,2
wordd,2
bidding,2
experience,2
occurrence,2
johnsonthecorruptpm,2
coincidence,2
pred,2
gosh,2
immo,2
emergingtech,2
daudov,2
cashing,2
amazed,2
danish,2
responding,2
natio,2
dependant,2
mix,2
shagging,2
blight,2
shou,2
essential,2
educational,2
escalate,2
repeatedly,2
painful,2
ver,2
spiel,2
pmq,2
pleeease,2
tunnel,2
creature,2
deleted,2
390k,2
hehehehehehehe,2
spitting,2
higher,2
fulfi,2
lukashenko,2
swears,2
allegiance,2
ilya,2
shepelin,2
staged,2
santos,2
polical,2
conventional,2
squid,2
roc,2
dictated,2
defrosting,2
0ne,2
conning,2
mike,2
yah,2
anyway,2
pincer,2
em,2
alcohol,2
developing,2
05jul,2
slightly,2
instinct,2
taught,2
debt,2
exporter,2
gentile,2
saluto,2
misleads,2
inconvenient,2
traditional,2
colonialist,2
politically,2
managed,2
miracle,2
wrongdoing,2
waking,2
allows,2
buddy,2
deploy,2
midnight,2
successf,2
volodymir,2
schtuck,2
atrocious,2
semi,2
dissident,2
poet,2
bykov,2
fiction,2
titled,2
downgrading,2
wasting,2
ques,2
compare,2
traveled,2
civilis,2
sour,2
mood,2
weakest,2
rocke,2
deed,2
psychology,2
reasonably,2
grouping,2
centrum,2
berkut,2
spearheading,2
establish,2
joh,2
alibi,2
clarify,2
useles,2
psycholog,2
bre,2
smuggling,2
dominic,2
cummings,2
predicting,2
devoid,2
frequency,2
walkie,2
talkie,2
eaten,2
plum,2
icebox,2
breakfast,2
worker,2
sti,2
ana,2
scared,2
rang,2
chucked,2
handled,2
distributed,2
contractor,2
politely,2
jus,2
characterized,2
impenetrable,2
indecipherable,2
hive,2
fcu,2
volo,2
cavalry,2
conclusion,2
vlodimir,2
enables,2
beh,2
string,2
raisin,2
etr,2
ussr,2
damaging,2
144,2
warrior,2
captivity,2
withdraws,2
exported,2
consumed,2
log,2
101,2
plume,2
illustrates,2
despi,2
boringly,2
pervert,2
recruit,2
embolden,2
goo,2
backbench,2
hahahahah,2
odious,2
realised,2
pinocchio,2
reinves,2
spirit,2
documented,2
perso,2
127,2
flak,2
jacket,2
stooge,2
junta,2
somewhat,2
undermining,2
dethroning,2
messern,2
thus,2
trash,2
jfreynolds,2
aim,2
vovan,2
lexus,2
yor,2
rushmore,2
honor,2
muted,2
launders,2
glimmer,2
career,2
robe,2
suspends,2
sel,2
knowns,2
brahma,2
narendra,2
modi,2
doomers,2
verdict,2
execute,2
pushbacks,2
246th,2
annihilation,2
historical,2
tanker,2
carrying,2
nr,2
superimposed,2
positioned,2
reinstated,2
symbolically,2
che,2
oversaw,2
firework,2
spaniel,2
flattening,2
disinfo,2
deceived,2
justplainpolitics,2
plight,2
stole,2
reznikov,2
includying,2
olicharcs,2
printing,2
leverage,2
alike,2
chokepoint,2
compr,2
opposes,2
rating,2
78,2
intellectual,2
kissenger,2
concerning,2
entertainment,2
phrase,2
contributed,2
knowing,2
effectively,2
numerically,2
albanes,2
dilettantish,2
poseur,2
bolt,2
available,2
atm,2
magazine,2
negotiator,2
nazisinukraine,2
unitedstates,2
iq,2
dosesn,2
hacker,2
srf,2
rts,2
tf1,2
lci,2
antenne,2
crash,2
actu,2
potter,2
author,2
amused,2
impersonating,2
privy,2
abo,2
militant,2
financial,2
rebe,2
outweigh,2
saturday,2
malaysianow,2
flashnews,2
kady,2
reconstruct,2
venture,2
dismember,2
parable,2
col,2
technological,2
explaining,2
especialy,2
sweeden,2
toss,2
jk,2
exccciting,2
contacted,2
replay,2
attractive,2
brevity,2
malevolent,2
letsgobrandon,2
lucky,2
prodigy,2
quiz,2
assfucked,2
easily,2
politic,2
buyinza,2
businesslike,2
infowar,2
id10t,2
ives,2
regimen,2
clothes,2
occasion,2
drinking,2
locking,2
civ,2
unimportant,2
dawn,2
lil,2
ohhh,2
prolly,2
touching,2
desk,2
stopthiswar,2
tweeps,2
ventwithkb,2
bien,2
sultanate,2
established,2
cecc,2
osint,2
brittany,2
kaiser,2
provocative,2
cambridge,2
analytica,2
lieutenant,2
skirt,2
bordering,2
attribute,2
daniil,2
martynov,2
slavyansk,2
bolder,2
lisychan,2
recalled,2
disraeli,2
respective,2
benefit,2
scumbag,2
bl,2
populated,2
ov,2
mickey73,2
30000,2
extor,2
psyc,2
pleb,2
tragic,2
shortsightedness,2
concede,2
constitutes,2
trustwor,2
blamed,2
negociate,2
solder,2
martin,2
luther,2
unarmed,2
smo,2
rejected,2
godman,2
conclude,2
knob,2
victorious,2
hexasonic,2
liberdad,2
zeki,2
temare,2
colomb,2
kolomoisk,2
narrator,2
unwisely,2
unending,2
suppor,2
henchman,2
followi,2
endthewar,2
peeved,2
directly,2
intransigent,2
throu,2
ef,2
forei,2
bum,2
freebie,2
creator,2
installing,2
defiance,2
weapo,2
ed,2
tsn,2
lier,2
presentation,2
scariest,2
bitch,2
overjoyed,2
assig,2
despicable,2
farage,2
cruelty,2
itinerant,2
disaster,2
miller,2
publish,2
facilitated,2
honoring,2
protesting,2
ouch,2
deman,2
misrepresents,2
gig,2
progressive,2
follower,2
mentioning,2
ishchenko,2
candy,2
rally,2
supremacy,2
europeanness,2
supremaci,2
crew,2
volume,2
consulted,2
sensible,2
ridicule,2
raising,2
worthless,2
fierce,2
ignores,2
fossil,2
paraded,2
upda,2
fervent,2
oppression,2
vain,2
stopputinnow,2
nowar,2
smooth,2
kilo,2
coin,2
necessarily,2
trustworthy,2
abcnews,2
download,2
publicvibe,2
skating,2
torvill,2
1984,2
outrage,2
labor,2
cen,2
overly,2
generation,2
admiration,2
bullying,2
learned,2
lacey,2
vividly,2
bathroom,2
locs,2
messed,2
hair,2
messing,2
braid,2
shocked,2
management,2
cupcake,2
gentle,2
parenting,2
dot,2
bla,2
insurrection,2
01,2
confiscated,2
orthodox,2
ravaged,2
raining,2
khazarian,2
avalon,2
plant,2
youtube,2
siversk,2
stationed,2
four,2
lovely,2
covidisnotover,2
basil,2
charged,2
environ,2
tock,2
traitor,2
cecenia,2
deceiving,2
toxic,2
formation,2
14,2
ups,2
gimmick,2
advert,2
gush,2
esp,2
surest,2
ruled,2
mock,2
complains,2
2023,2
eurovision,2
contest,2
supremacist,1
600,1
grafter,1
taiba,1
217,1
185,1
yougov,1
tumble,1
bookreview,1
rudenko,1
episodic,1
miai,1
combo,1
merrickslaw,1
connects,1
bury,1
debate,1
intelligent,1
flees,1
ellwood,1
tobias,1
summon,1
mat,1
hahahaha,1
default,1
whiff,1
jaw,1
audience,1
solely,1
recruiting,1
lite,1
brics,1
prosperous,1
sword,1
relegated,1
carried,1
geography,1
sviatoslav,1
yurash,1
wright,1
narciss,1
phonecalls,1
match,1
ignoring,1
clock,1
peddling,1
arsed,1
announcement,1
knaut,1
third,1
reich,1
borne,1
savage,1
uniting,1
collective,1
hurt,1
dalai,1
lama,1
punk,1
sumy,1
mykholaiv,1
007,1
raze,1
rebuil,1
chickenkyiv,1
johnsonout161,1
borisjohnsonmustresign,1
pissing,1
doe,1
cor,1
dialling,1
henry,1
te,1
donating,1
russopho,1
maintain,1
suite,1
reverted,1
answered,1
unorthodox,1
brand,1
isra,1
banking,1
bombing,1
layman,1
nitwit,1
desperately,1
eared,1
honou,1
unemployed,1
qualification,1
galore,1
distr,1
promoting,1
hoot,1
littleproud,1
guilty,1
inappropriate,1
behaviour,1
utility,1
discarded,1
involvement,1
w1,1
badwar,1
tactician,1
wheres,1
warzone,1
frankly,1
atten,1
jb,1
visible,1
resid,1
occurs,1
nicest,1
effortlessly,1
seduced,1
beguiled,1
kellett,1
cutting,1
ucranian,1
ceding,1
constit,1
totalitarian,1
generally,1
apparent,1
ireland,1
conc,1
sticky,1
downfall,1
porky,1
100mil,1
afflicts,1
actively,1
leak,1
artexing,1
tab,1
1t,1
bonus,1
klopp,1
begs,1
sancti,1
vlod,1
program,1
satanist,1
invading,1
characteristic,1
khaki,1
traveling,1
pillar,1
til,1
reversing,1
ordering,1
befriends,1
blo,1
cheek,1
pustulating,1
artery,1
dnc,1
brained,1
wokeness,1
brandon,1
dete,1
defende,1
monetary,1
dub,1
predicted,1
scruffy,1
emerged,1
disband,1
credit,1
confidence,1
art,1
chin,1
carriegate,1
gobblegate,1
g5,1
queenie,1
heller,1
fuck0ff,1
kust,1
driver,1
elli,1
altho,1
diffs,1
haemorrhaging,1
5th,1
undermine,1
credibility,1
shameful,1
newhart,1
fresh,1
chart,1
wbk,1
boast,1
burnside,1
gratitude,1
glove,1
interrupted,1
pressing,1
accusato,1
jokingly,1
double,1
whammy,1
sorted,1
realizes,1
sec,1
bolton,1
circumstance,1
rechristen,1
thru,1
mask,1
royal,1
anther,1
filthy,1
clone,1
bod,1
lookit,1
toryscandal,1
spreading,1
zionism,1
creating,1
rabbi,1
maker,1
mental,1
illness,1
scapegoat,1
vast,1
whit,1
unloading,1
niece,1
traumatized,1
blojob,1
iq45,1
christianity,1
mezzala,1
blanket,1
sa,1
massacring,1
sympathiser,1
improving,1
platitude,1
prayer,1
stoc,1
increa,1
rewrite,1
eminem,1
harassing,1
mister,1
bizarro,1
mary,1
poppins,1
kooky,1
cancellation,1
veteran66,1
wolfsangles,1
commits,1
custody,1
incident,1
floyd,1
nucliar,1
aint,1
apprehended,1
pressuring,1
lash,1
draw,1
directory,1
imbecile,1
drooling,1
buff00n,1
licked,1
stradivarius,1
perceptive,1
accom,1
hor,1
gra,1
aback,1
underground,1
bunker,1
zelenskiy,1
terri,1
bargain,1
militarized,1
lik,1
counsellor,1
exploit,1
moral,1
forgiven,1
beho,1
managing,1
blojo,1
51,1
brandishing,1
replacing,1
handed,1
sleep,1
misfit,1
portion,1
humping,1
weather,1
conscience,1
gerhard,1
easter,1
igo,1
lucifer,1
scathing,1
indefensible,1
skip,1
opp,1
drowning,1
diet,1
consideration,1
ac,1
prov,1
hostile,1
bombard,1
sievierodonetsk,1
neutrality,1
201,1
russianarmy,1
humiliating,1
politi,1
thes,1
nordwolf,1
blackmailed,1
attempted,1
insult,1
stricken,1
broken,1
larg,1
dutch,1
850,1
mln,1
wealth,1
aletho,1
gps,1
mor,1
5500,1
bakhmut,1
initial,1
dombass,1
fe,1
curtain,1
succer,1
smith,1
dave,1
chapelle,1
risking,1
worthy,1
accountable,1
alboisourpm,1
thai,1
multimillion,1
vanilli,1
sincere,1
competiti,1
unif,1
impression,1
sic,1
demented,1
beaten,1
sporting,1
earned,1
matt,1
gui,1
markles,1
research,1
kuvva,1
endure,1
exc,1
appeared,1
hologram,1
digital,1
guided,1
ucraine,1
topic,1
highlighting,1
rory,1
montpellier,1
celebs,1
aw,1
lesha,1
valera,1
sanya,1
vova,1
borovyk,1
representati,1
hopeless,1
req,1
referenced,1
shutting,1
lang,1
extortionist,1
sviatlana,1
tsikhanouskaya,1
waving,1
waiving,1
axelrod,1
volodomir,1
dow,1
omicron,1
sub,1
variant,1
ability,1
evade,1
dominant,1
strain,1
geelong,1
stu,1
objected,1
origin,1
grabbin,1
bid6enyh,1
seeking,1
stick,1
firmly,1
bloodshed,1
swastika,1
tattoo,1
pale,1
begrudge,1
salting,1
acco,1
emerges,1
heroic,1
eddie,1
mifflin,1
encourag,1
dispatched,1
peac,1
occasional,1
schoo,1
cherry,1
cnn,1
storie,1
rear,1
relaxation,1
spread,1
implemente,1
isaac,1
babel,1
ruth,1
wisse,1
ucrainarussiawar,1
ue,1
mistak,1
sellout,1
suggests,1
becam,1
354,1
lysyc,1
franklin,1
marxist,1
polit,1
democ,1
slaughtered,1
reset,1
collusion,1
sant,1
killkenny,1
francesco,1
attorney,1
komrade,1
vo,1
mailing,1
fsociety,1
mrrobot,1
clueless,1
ppl,1
honorable,1
disbelief,1
kahuna,1
consolidate,1
demilitariz,1
untouchable,1
dishonest,1
demilitarize,1
denazify,1
mafia,1
clovis,1
banne,1
ultra,1
lanati,1
engaging,1
moneybag,1
pfft,1
expression,1
blown,1
jeffrey,1
sachs,1
shamele,1
stripper,1
oficially,1
rated,1
awa,1
comey,1
suppl,1
dnieper,1
kharkov,1
79,1
thehappeningdaysofthelord,1
fakejew,1
supplier,1
04,1
sob,1
globalismisgoingtofuckeurope,1
nowhere,1
giv,1
crucial,1
49l,1
pump,1
protocol,1
jabbed,1
rece,1
wisdom,1
stable,1
persecuted,1
tyranny,1
sponsor,1
11000,1
salary,1
pension,1
explicitly,1
busted,1
flush,1
cock,1
enklere,1
exterminati,1
programme,1
paralyzed,1
embroiled,1
pledging,1
identical,1
geoffrey,1
lolita,1
censorship,1
engager,1
december,1
foll,1
outlaw,1
whatya,1
330m,1
primary,1
backer,1
yevge,1
mitt,1
depth,1
destr,1
uko,1
lapdog,1
englan,1
addicted,1
siberian,1
souvenir,1
accompany,1
amazes,1
expenditure,1
56b,1
5m,1
66b,1
heel,1
golf,1
adm,1
uncanny,1
lizz,1
quest,1
pilfer,1
nonsen,1
cooking,1
curry,1
agains,1
accompanies,1
sbu,1
kidnap,1
propag,1
encircle,1
svyatoslav,1
palamar,1
kalina,1
denis,1
prokopenko,1
redis,1
sergei,1
volynsky,1
vol,1
nicety,1
observing,1
brainwa,1
incorre,1
hamill,1
original,1
decade,1
admire,1
thomasbach,1
volodymyrzelens,1
credible,1
alwa,1
assumes,1
7b,1
rearm,1
tae,1
amaz,1
stretched,1
salient,1
thr,1
agreeing,1
ital,1
523,1
latino,1
cheer,1
broooo,1
thepis,1
welding,1
forklift,1
ceasefire,1
laughingstock,1
gunna,1
alban,1
paycheck,1
silencing,1
nyt,1
gutter,1
shabaha,1
dual,1
naysayer,1
jkt,1
cap,1
sworn,1
mum,1
boring,1
bendigo,1
bushmasters,1
milenial,1
santa,1
norman,1
impoveri,1
hotheaded,1
